,yaml_name,mean_distance_to_orig,optim_lr,gamma,score_pow,composite_balance,adaptive_score_offset
0,handpicked,0.1862936043535651,0.025,0.1,0.15,0.5,0.3
1,hypersearch-0-15,0.21492545293671544,0.0795337356921959,0.1,0.05,0.5,0.3340705803441645
2,hypersearch-20-18,0.260051854544632,0.1417828109786417,0.1,0.1,0.5,0.6747622018115333
3,hypersearch-0-16,0.27915630377898304,0.1574563453622673,0.2,0.05,0.2,0.7042894391920276
4,hypersearch-0-32,0.2765606705268513,0.1878106603762593,0.3,0.1,0.2,0.5447971097559356
